/Users/nogada/workspace/zmp/zcp-console-web/nuxt.config.js	4.0K
/Users/nogada/workspace/zmp/zcp-console-web/middleware/README.md	4.0K
/Users/nogada/workspace/zmp/zcp-console-web/jsconfig.json	4.0K
/Users/nogada/workspace/zmp/zcp-console-web/docker-compose.yaml	4.0K
/Users/nogada/workspace/zmp/zcp-console-web/.views	4.0K
/Users/nogada/workspace/zmp/zcp-console-web/mixins/ui/provider.js	4.0K
/Users/nogada/workspace/zmp/zcp-console-web/mixins/ui/scrollbar.js	4.0K
/Users/nogada/workspace/zmp/zcp-console-web/mixins/ui/colors.js	4.0K
/Users/nogada/workspace/zmp/zcp-console-web/mixins/index.js	4.0K
/Users/nogada/workspace/zmp/zcp-console-web/mixins/common/profile.js	4.0K
/Users/nogada/workspace/zmp/zcp-console-web/mixins/common/dialog.js	4.0K
/Users/nogada/workspace/zmp/zcp-console-web/mixins/common/downloader.js	4.0K
/Users/nogada/workspace/zmp/zcp-console-web/SETUP.md	12K
/Users/nogada/workspace/zmp/zcp-console-web/plugins/validators.js	4.0K
/Users/nogada/workspace/zmp/zcp-console-web/plugins/axios.js	4.0K
/Users/nogada/workspace/zmp/zcp-console-web/plugins/service.js	4.0K
/Users/nogada/workspace/zmp/zcp-console-web/plugins/globalMixins.js	4.0K
/Users/nogada/workspace/zmp/zcp-console-web/plugins/README.md	4.0K
/Users/nogada/workspace/zmp/zcp-console-web/plugins/components.js	4.0K
/Users/nogada/workspace/zmp/zcp-console-web/plugins/yaml_schema.js	4.0K
/Users/nogada/workspace/zmp/zcp-console-web/plugins/utils.js	4.0K
/Users/nogada/workspace/zmp/zcp-console-web/plugins/guard.js	4.0K
/Users/nogada/workspace/zmp/zcp-console-web/plugins/i18n.js	4.0K
/Users/nogada/workspace/zmp/zcp-console-web/Dockerfile	4.0K
/Users/nogada/workspace/zmp/zcp-console-web/values/values-stg.yaml	4.0K
/Users/nogada/workspace/zmp/zcp-console-web/values/values-dev.yaml	4.0K
/Users/nogada/workspace/zmp/zcp-console-web/values/values-local.yaml	4.0K
/Users/nogada/workspace/zmp/zcp-console-web/PORTING.md	4.0K
/Users/nogada/workspace/zmp/zcp-console-web/.editorconfig	4.0K
/Users/nogada/workspace/zmp/zcp-console-web/README.md	4.0K
/Users/nogada/workspace/zmp/zcp-console-web/components/cluster/ClusterField.vue	32K
/Users/nogada/workspace/zmp/zcp-console-web/components/cluster/ClusterStatus.vue	4.0K
/Users/nogada/workspace/zmp/zcp-console-web/components/cluster/ClusterHealth.vue	4.0K
/Users/nogada/workspace/zmp/zcp-console-web/components/form/PairField.vue	4.0K
/Users/nogada/workspace/zmp/zcp-console-web/components/form/InputGroup.vue	4.0K
/Users/nogada/workspace/zmp/zcp-console-web/components/README.md	4.0K
/Users/nogada/workspace/zmp/zcp-console-web/components/dialog/Toaster.vue	4.0K
/Users/nogada/workspace/zmp/zcp-console-web/components/dialog/Drawer.vue	4.0K
/Users/nogada/workspace/zmp/zcp-console-web/components/dialog/Alert.vue	4.0K
/Users/nogada/workspace/zmp/zcp-console-web/components/dialog/Confirm.vue	4.0K
/Users/nogada/workspace/zmp/zcp-console-web/components/Logo.vue	4.0K
/Users/nogada/workspace/zmp/zcp-console-web/components/monitoring/CChartLineCpuUsage.vue	4.0K
/Users/nogada/workspace/zmp/zcp-console-web/components/monitoring/CChartPieDeployments.vue	4.0K
/Users/nogada/workspace/zmp/zcp-console-web/components/monitoring/CChartLineNetwork.vue	4.0K
/Users/nogada/workspace/zmp/zcp-console-web/components/monitoring/CChartLineIngress.vue	4.0K
/Users/nogada/workspace/zmp/zcp-console-web/components/monitoring/CChartPieStatefulSets.vue	4.0K
/Users/nogada/workspace/zmp/zcp-console-web/components/monitoring/CChartPieReplicaSets.vue	4.0K
/Users/nogada/workspace/zmp/zcp-console-web/components/monitoring/CChartPiePodStatus.vue	4.0K
/Users/nogada/workspace/zmp/zcp-console-web/components/monitoring/CChartLineFilesystem.vue	4.0K
/Users/nogada/workspace/zmp/zcp-console-web/components/monitoring/CChartLineVolume.vue	4.0K
/Users/nogada/workspace/zmp/zcp-console-web/components/monitoring/CChartLineMemoryUsage.vue	4.0K
/Users/nogada/workspace/zmp/zcp-console-web/components/editor/MonacoEditor.vue	4.0K
/Users/nogada/workspace/zmp/zcp-console-web/components/editor/JsonYamlEditor.vue	4.0K
/Users/nogada/workspace/zmp/zcp-console-web/yarn.lock	428K
/Users/nogada/workspace/zmp/zcp-console-web/.dockerignore	4.0K
/Users/nogada/workspace/zmp/zcp-console-web/.gitignore	4.0K
/Users/nogada/workspace/zmp/zcp-console-web/layouts/coreui/TheHeaderDropdownNotif.vue	4.0K
/Users/nogada/workspace/zmp/zcp-console-web/layouts/coreui/TheFooter.vue	4.0K
/Users/nogada/workspace/zmp/zcp-console-web/layouts/coreui/TheHeaderDropdownAccnt.vue	4.0K
/Users/nogada/workspace/zmp/zcp-console-web/layouts/coreui/_nav.js	8.0K
/Users/nogada/workspace/zmp/zcp-console-web/layouts/coreui/TheAside.vue	16K
/Users/nogada/workspace/zmp/zcp-console-web/layouts/coreui/TheHeader.vue	16K
/Users/nogada/workspace/zmp/zcp-console-web/layouts/coreui/TheHeaderDropdownTasks.vue	4.0K
/Users/nogada/workspace/zmp/zcp-console-web/layouts/coreui/TheHeaderDropdownMssgs.vue	4.0K
/Users/nogada/workspace/zmp/zcp-console-web/layouts/coreui/TheSidebar.vue	12K
/Users/nogada/workspace/zmp/zcp-console-web/layouts/README.md	4.0K
/Users/nogada/workspace/zmp/zcp-console-web/layouts/error.vue	4.0K
/Users/nogada/workspace/zmp/zcp-console-web/layouts/default.vue	4.0K
/Users/nogada/workspace/zmp/zcp-console-web/package.json	4.0K
/Users/nogada/workspace/zmp/zcp-console-web/.views2pages.sh	8.0K
/Users/nogada/workspace/zmp/zcp-console-web/static/favicon.ico	16K
/Users/nogada/workspace/zmp/zcp-console-web/static/locale/en.js	8.0K
/Users/nogada/workspace/zmp/zcp-console-web/static/50x.html	4.0K
/Users/nogada/workspace/zmp/zcp-console-web/static/30x.html	4.0K
/Users/nogada/workspace/zmp/zcp-console-web/static/config.js	4.0K
/Users/nogada/workspace/zmp/zcp-console-web/static/README.md	4.0K
/Users/nogada/workspace/zmp/zcp-console-web/static/img/icon_db.svg	4.0K
/Users/nogada/workspace/zmp/zcp-console-web/static/img/icon_vpc.png	4.0K
/Users/nogada/workspace/zmp/zcp-console-web/static/img/ZCP-Ref-Template-4.png	936K
/Users/nogada/workspace/zmp/zcp-console-web/static/img/icon_kubernetes.svg	12K
/Users/nogada/workspace/zmp/zcp-console-web/static/img/ZCP-Ref-Template-5.png	912K
/Users/nogada/workspace/zmp/zcp-console-web/static/img/icon_avaliability.png	4.0K
/Users/nogada/workspace/zmp/zcp-console-web/static/img/brand/img_aws.jpg	92K
/Users/nogada/workspace/zmp/zcp-console-web/static/img/brand/img_gcp.jpg	436K
/Users/nogada/workspace/zmp/zcp-console-web/static/img/brand/img_logo_azure_grey.png	4.0K
/Users/nogada/workspace/zmp/zcp-console-web/static/img/brand/img_logo_azure.png	4.0K
/Users/nogada/workspace/zmp/zcp-console-web/static/img/brand/img_google_big_grey.png	4.0K
/Users/nogada/workspace/zmp/zcp-console-web/static/img/brand/img_azure_cloud.png	4.0K
/Users/nogada/workspace/zmp/zcp-console-web/static/img/brand/coreui-base-white.svg	4.0K
/Users/nogada/workspace/zmp/zcp-console-web/static/img/brand/img_logo_git.png	8.0K
/Users/nogada/workspace/zmp/zcp-console-web/static/img/brand/img_logo_aws.png	8.0K
/Users/nogada/workspace/zmp/zcp-console-web/static/img/brand/img_logo_ibm.png	8.0K
/Users/nogada/workspace/zmp/zcp-console-web/static/img/brand/img_logo_gcs.png	4.0K
/Users/nogada/workspace/zmp/zcp-console-web/static/img/brand/img_logo_cloud.png	8.0K
/Users/nogada/workspace/zmp/zcp-console-web/static/img/brand/coreui-vue-pro-logo.svg	8.0K
/Users/nogada/workspace/zmp/zcp-console-web/static/img/brand/img_amazon_eks.png	4.0K
/Users/nogada/workspace/zmp/zcp-console-web/static/img/brand/img_network.png	8.0K
/Users/nogada/workspace/zmp/zcp-console-web/static/img/brand/coreui-pro-base-white.svg	8.0K
/Users/nogada/workspace/zmp/zcp-console-web/static/img/brand/coreui-signet.svg	4.0K
/Users/nogada/workspace/zmp/zcp-console-web/static/img/brand/img_copy.png	4.0K
/Users/nogada/workspace/zmp/zcp-console-web/static/img/brand/logo.png	4.0K
/Users/nogada/workspace/zmp/zcp-console-web/static/img/brand/img_logo_openshift.png	52K
/Users/nogada/workspace/zmp/zcp-console-web/static/img/brand/sygnet.png	4.0K
/Users/nogada/workspace/zmp/zcp-console-web/static/img/brand/img_storege.png	4.0K
/Users/nogada/workspace/zmp/zcp-console-web/static/img/brand/img_azure.jpg	32K
/Users/nogada/workspace/zmp/zcp-console-web/static/img/brand/coreui-base.svg	4.0K
/Users/nogada/workspace/zmp/zcp-console-web/static/img/brand/coreui-signet-white.svg	4.0K
/Users/nogada/workspace/zmp/zcp-console-web/static/img/brand/img_google_kubernetes.png	4.0K
/Users/nogada/workspace/zmp/zcp-console-web/static/img/brand/img_storege_2.png	4.0K
/Users/nogada/workspace/zmp/zcp-console-web/static/img/brand/img_google_big.png	8.0K
/Users/nogada/workspace/zmp/zcp-console-web/static/img/brand/logo_b.png	4.0K
/Users/nogada/workspace/zmp/zcp-console-web/static/img/ZCP-Ref-Template-6.png	880K
/Users/nogada/workspace/zmp/zcp-console-web/static/img/ZCP-Ref-Template-2.png	888K
/Users/nogada/workspace/zmp/zcp-console-web/static/img/icon_deploy.svg	4.0K
/Users/nogada/workspace/zmp/zcp-console-web/static/img/ZCP-Ref-Template-3.png	860K
/Users/nogada/workspace/zmp/zcp-console-web/static/img/ZCP-Ref-Template-1.png	304K
/Users/nogada/workspace/zmp/zcp-console-web/static/img/icon_application.svg	4.0K
/Users/nogada/workspace/zmp/zcp-console-web/static/img/icon_app.svg	4.0K
/Users/nogada/workspace/zmp/zcp-console-web/static/img/icon_aws.png	4.0K
/Users/nogada/workspace/zmp/zcp-console-web/static/img/icon_members.svg	4.0K
/Users/nogada/workspace/zmp/zcp-console-web/static/img/icon_public_subnet.png	4.0K
/Users/nogada/workspace/zmp/zcp-console-web/static/img/icon_private_subnet.png	4.0K
/Users/nogada/workspace/zmp/zcp-console-web/static/img/avatars/img_user.png	4.0K
/Users/nogada/workspace/zmp/zcp-console-web/static/img/icon_app_danger.svg	4.0K
/Users/nogada/workspace/zmp/zcp-console-web/static/img/ZCP-Template-1.png	148K
/Users/nogada/workspace/zmp/zcp-console-web/static/img/ZCP-Template-2.png	120K
/Users/nogada/workspace/zmp/zcp-console-web/static/40x.html	4.0K
/Users/nogada/workspace/zmp/zcp-console-web/static/yaml-schema/kubernetes-json-schema-v1.24.15.json	976K
/Users/nogada/workspace/zmp/zcp-console-web/static/yaml-schema/istio-json-schema-v1.18.0.json	56K
/Users/nogada/workspace/zmp/zcp-console-web/static/yaml-schema/istio-gateway-json-schema-v1.18.0.json	12K
/Users/nogada/workspace/zmp/zcp-console-web/static/yaml-schema/istio-virtualservice-json-schema-v1.18.0.json	44K
/Users/nogada/workspace/zmp/zcp-console-web/.prettierrc.js	0B
/Users/nogada/workspace/zmp/zcp-console-web/default.conf	4.0K
/Users/nogada/workspace/zmp/zcp-console-web/.github/PULL_REQUEST_TEMPLATE.md	4.0K
/Users/nogada/workspace/zmp/zcp-console-web/.github/ISSUE_TEMPLATE.md	4.0K
/Users/nogada/workspace/zmp/zcp-console-web/Jenkinsfile	4.0K
/Users/nogada/workspace/zmp/zcp-console-web/.eslintrc.js	4.0K
/Users/nogada/workspace/zmp/zcp-console-web/skaffold-release.yaml	4.0K
/Users/nogada/workspace/zmp/zcp-console-web/app.html	4.0K
/Users/nogada/workspace/zmp/zcp-console-web/skaffold.yaml	4.0K
/Users/nogada/workspace/zmp/zcp-console-web/service/tools.js	8.0K
/Users/nogada/workspace/zmp/zcp-console-web/service/monitoring.js	4.0K
/Users/nogada/workspace/zmp/zcp-console-web/service/workloads.js	16K
/Users/nogada/workspace/zmp/zcp-console-web/service/apps.js	12K
/Users/nogada/workspace/zmp/zcp-console-web/service/groups.js	8.0K
/Users/nogada/workspace/zmp/zcp-console-web/service/_common.js	4.0K
/Users/nogada/workspace/zmp/zcp-console-web/service/clusters/azure.js	12K
/Users/nogada/workspace/zmp/zcp-console-web/service/clusters/aws.js	16K
/Users/nogada/workspace/zmp/zcp-console-web/service/clusters/_common.js	4.0K
/Users/nogada/workspace/zmp/zcp-console-web/service/clusters/addon.js	8.0K
/Users/nogada/workspace/zmp/zcp-console-web/service/clusters/index.js	24K
/Users/nogada/workspace/zmp/zcp-console-web/service/roles.js	8.0K
/Users/nogada/workspace/zmp/zcp-console-web/service/users.js	12K
/Users/nogada/workspace/zmp/zcp-console-web/service/deploy.js	32K
/Users/nogada/workspace/zmp/zcp-console-web/service/nodes.js	4.0K
/Users/nogada/workspace/zmp/zcp-console-web/service/projects.js	8.0K
/Users/nogada/workspace/zmp/zcp-console-web/service/_common2.js	4.0K
/Users/nogada/workspace/zmp/zcp-console-web/service/menus.js	8.0K
/Users/nogada/workspace/zmp/zcp-console-web/service/clusters_old.js	16K
/Users/nogada/workspace/zmp/zcp-console-web/service/realms.js	8.0K
/Users/nogada/workspace/zmp/zcp-console-web/service/storages.js	8.0K
/Users/nogada/workspace/zmp/zcp-console-web/service/secret.js	4.0K
/Users/nogada/workspace/zmp/zcp-console-web/service/networking.js	8.0K
/Users/nogada/workspace/zmp/zcp-console-web/service/dashboard.js	4.0K
/Users/nogada/workspace/zmp/zcp-console-web/service/auditlogs.js	4.0K
/Users/nogada/workspace/zmp/zcp-console-web/.git/config	4.0K
/Users/nogada/workspace/zmp/zcp-console-web/.git/objects/pack/pack-432bbafccc17df05997b394aede9a3cc6bf480ba.pack	7.6M
/Users/nogada/workspace/zmp/zcp-console-web/.git/objects/pack/pack-432bbafccc17df05997b394aede9a3cc6bf480ba.rev	32K
/Users/nogada/workspace/zmp/zcp-console-web/.git/objects/pack/pack-432bbafccc17df05997b394aede9a3cc6bf480ba.idx	224K
/Users/nogada/workspace/zmp/zcp-console-web/.git/HEAD	4.0K
/Users/nogada/workspace/zmp/zcp-console-web/.git/info/exclude	4.0K
/Users/nogada/workspace/zmp/zcp-console-web/.git/logs/HEAD	4.0K
/Users/nogada/workspace/zmp/zcp-console-web/.git/logs/refs/heads/develop	4.0K
/Users/nogada/workspace/zmp/zcp-console-web/.git/logs/refs/remotes/origin/HEAD	4.0K
/Users/nogada/workspace/zmp/zcp-console-web/.git/description	4.0K
/Users/nogada/workspace/zmp/zcp-console-web/.git/hooks/commit-msg.sample	4.0K
/Users/nogada/workspace/zmp/zcp-console-web/.git/hooks/pre-rebase.sample	8.0K
/Users/nogada/workspace/zmp/zcp-console-web/.git/hooks/sendemail-validate.sample	4.0K
/Users/nogada/workspace/zmp/zcp-console-web/.git/hooks/pre-commit.sample	4.0K
/Users/nogada/workspace/zmp/zcp-console-web/.git/hooks/applypatch-msg.sample	4.0K
/Users/nogada/workspace/zmp/zcp-console-web/.git/hooks/fsmonitor-watchman.sample	8.0K
/Users/nogada/workspace/zmp/zcp-console-web/.git/hooks/pre-receive.sample	4.0K
/Users/nogada/workspace/zmp/zcp-console-web/.git/hooks/prepare-commit-msg.sample	4.0K
/Users/nogada/workspace/zmp/zcp-console-web/.git/hooks/post-update.sample	4.0K
/Users/nogada/workspace/zmp/zcp-console-web/.git/hooks/pre-merge-commit.sample	4.0K
/Users/nogada/workspace/zmp/zcp-console-web/.git/hooks/pre-applypatch.sample	4.0K
/Users/nogada/workspace/zmp/zcp-console-web/.git/hooks/pre-push.sample	4.0K
/Users/nogada/workspace/zmp/zcp-console-web/.git/hooks/update.sample	4.0K
/Users/nogada/workspace/zmp/zcp-console-web/.git/hooks/push-to-checkout.sample	4.0K
/Users/nogada/workspace/zmp/zcp-console-web/.git/refs/heads/develop	4.0K
/Users/nogada/workspace/zmp/zcp-console-web/.git/refs/remotes/origin/HEAD	4.0K
/Users/nogada/workspace/zmp/zcp-console-web/.git/index	40K
/Users/nogada/workspace/zmp/zcp-console-web/.git/packed-refs	4.0K
/Users/nogada/workspace/zmp/zcp-console-web/assets/images/icon_bg_cluster.png	4.0K
/Users/nogada/workspace/zmp/zcp-console-web/assets/images/icon_nav_m.svg	4.0K
/Users/nogada/workspace/zmp/zcp-console-web/assets/images/icon_bg_namespaces.png	4.0K
/Users/nogada/workspace/zmp/zcp-console-web/assets/images/icon_bg_applications.png	4.0K
/Users/nogada/workspace/zmp/zcp-console-web/assets/images/icon_arr_cir.svg	4.0K
/Users/nogada/workspace/zmp/zcp-console-web/assets/images/icon_bg_grid.png	4.0K
/Users/nogada/workspace/zmp/zcp-console-web/assets/images/icon_bg_list.png	4.0K
/Users/nogada/workspace/zmp/zcp-console-web/assets/images/icon_link.svg	4.0K
/Users/nogada/workspace/zmp/zcp-console-web/assets/images/icon_bg_workloads.png	4.0K
/Users/nogada/workspace/zmp/zcp-console-web/assets/images/icon_bg_networking.png	4.0K
/Users/nogada/workspace/zmp/zcp-console-web/assets/images/icon_bg_storage.png	4.0K
/Users/nogada/workspace/zmp/zcp-console-web/assets/images/icon_nav_s.svg	4.0K
/Users/nogada/workspace/zmp/zcp-console-web/assets/images/icon_nav_p.svg	4.0K
/Users/nogada/workspace/zmp/zcp-console-web/assets/images/icon_bg_help.svg	4.0K
/Users/nogada/workspace/zmp/zcp-console-web/assets/images/icon_bg_dashboard.png	4.0K
/Users/nogada/workspace/zmp/zcp-console-web/assets/images/icon_bg_monitoring.png	4.0K
/Users/nogada/workspace/zmp/zcp-console-web/assets/images/icon_bg_logging.png	4.0K
/Users/nogada/workspace/zmp/zcp-console-web/assets/scss/vendors/_variables.scss	4.0K
/Users/nogada/workspace/zmp/zcp-console-web/assets/scss/vendors/chart.js/chart.scss	4.0K
/Users/nogada/workspace/zmp/zcp-console-web/assets/scss/_variables.scss	8.0K
/Users/nogada/workspace/zmp/zcp-console-web/assets/scss/_custom.scss	76K
/Users/nogada/workspace/zmp/zcp-console-web/assets/scss/style.scss	4.0K
/Users/nogada/workspace/zmp/zcp-console-web/assets/README.md	4.0K
/Users/nogada/workspace/zmp/zcp-console-web/assets/icons/icons.js	8.0K
/Users/nogada/workspace/zmp/zcp-console-web/assets/icons/iconsFontAwesome.js	4.0K
/Users/nogada/workspace/zmp/zcp-console-web/assets/icons/logo.js	8.0K
/Users/nogada/workspace/zmp/zcp-console-web/pages/index.vue	4.0K
/Users/nogada/workspace/zmp/zcp-console-web/pages/home/projects.vue	12K
/Users/nogada/workspace/zmp/zcp-console-web/pages/projects/_id/networking.vue	8.0K
/Users/nogada/workspace/zmp/zcp-console-web/pages/projects/_id/storages/index.vue	8.0K
/Users/nogada/workspace/zmp/zcp-console-web/pages/projects/_id/storages/detail/yaml.vue	8.0K
/Users/nogada/workspace/zmp/zcp-console-web/pages/projects/_id/storages/_name.vue	4.0K
/Users/nogada/workspace/zmp/zcp-console-web/pages/projects/_id/storages/new.vue	4.0K
/Users/nogada/workspace/zmp/zcp-console-web/pages/projects/_id/dashboard.vue	56K
/Users/nogada/workspace/zmp/zcp-console-web/pages/projects/_id/deploy/index.vue	8.0K
/Users/nogada/workspace/zmp/zcp-console-web/pages/projects/_id/deploy/detail/applications_configuration_env.vue	16K
/Users/nogada/workspace/zmp/zcp-console-web/pages/projects/_id/deploy/detail/backing_service.vue	16K
/Users/nogada/workspace/zmp/zcp-console-web/pages/projects/_id/deploy/detail/applications_configuration_envRef.vue	8.0K
/Users/nogada/workspace/zmp/zcp-console-web/pages/projects/_id/deploy/detail/applications_configuration_affinity.vue	36K
/Users/nogada/workspace/zmp/zcp-console-web/pages/projects/_id/deploy/detail/applications_configuration.vue	28K
/Users/nogada/workspace/zmp/zcp-console-web/pages/projects/_id/deploy/detail/clusters_configuration_limitRange.vue	12K
/Users/nogada/workspace/zmp/zcp-console-web/pages/projects/_id/deploy/detail/applications_configuration_healthCheck.vue	40K
/Users/nogada/workspace/zmp/zcp-console-web/pages/projects/_id/deploy/detail/clusters_configuration_label.vue	8.0K
/Users/nogada/workspace/zmp/zcp-console-web/pages/projects/_id/deploy/detail/applications_configuration_spec.vue	20K
/Users/nogada/workspace/zmp/zcp-console-web/pages/projects/_id/deploy/detail/clusters_configuration_resourceQuota.vue	16K
/Users/nogada/workspace/zmp/zcp-console-web/pages/projects/_id/deploy/detail/resources_cm.vue	16K
/Users/nogada/workspace/zmp/zcp-console-web/pages/projects/_id/deploy/detail/overview.vue	40K
/Users/nogada/workspace/zmp/zcp-console-web/pages/projects/_id/deploy/detail/resources_pvc.vue	12K
/Users/nogada/workspace/zmp/zcp-console-web/pages/projects/_id/deploy/detail/applications_add.vue	12K
/Users/nogada/workspace/zmp/zcp-console-web/pages/projects/_id/deploy/detail/resources.vue	8.0K
/Users/nogada/workspace/zmp/zcp-console-web/pages/projects/_id/deploy/detail/clusters.vue	16K
/Users/nogada/workspace/zmp/zcp-console-web/pages/projects/_id/deploy/detail/resources_secret.vue	24K
/Users/nogada/workspace/zmp/zcp-console-web/pages/projects/_id/deploy/detail/resources_ingress.vue	24K
/Users/nogada/workspace/zmp/zcp-console-web/pages/projects/_id/deploy/detail/applications_configuration_volume.vue	16K
/Users/nogada/workspace/zmp/zcp-console-web/pages/projects/_id/deploy/detail/basic.vue	20K
/Users/nogada/workspace/zmp/zcp-console-web/pages/projects/_id/deploy/detail/applications_history.vue	12K
/Users/nogada/workspace/zmp/zcp-console-web/pages/projects/_id/deploy/detail/applications_configuration_toleration.vue	8.0K
/Users/nogada/workspace/zmp/zcp-console-web/pages/projects/_id/deploy/detail/applications_deploy.vue	8.0K
/Users/nogada/workspace/zmp/zcp-console-web/pages/projects/_id/deploy/detail/clusters_add.vue	8.0K
/Users/nogada/workspace/zmp/zcp-console-web/pages/projects/_id/deploy/detail/ingress.vue	4.0K
/Users/nogada/workspace/zmp/zcp-console-web/pages/projects/_id/deploy/detail/applications.vue	12K
/Users/nogada/workspace/zmp/zcp-console-web/pages/projects/_id/deploy/detail/applications_configuration_etc.vue	8.0K
/Users/nogada/workspace/zmp/zcp-console-web/pages/projects/_id/deploy/detail/clusters_configuration.vue	4.0K
/Users/nogada/workspace/zmp/zcp-console-web/pages/projects/_id/deploy/_name.vue	4.0K
/Users/nogada/workspace/zmp/zcp-console-web/pages/projects/_id/deploy/new.vue	4.0K
/Users/nogada/workspace/zmp/zcp-console-web/pages/projects/_id/networking/index.vue	8.0K
/Users/nogada/workspace/zmp/zcp-console-web/pages/projects/_id/networking/detail/yaml.vue	8.0K
/Users/nogada/workspace/zmp/zcp-console-web/pages/projects/_id/networking/_name.vue	4.0K
/Users/nogada/workspace/zmp/zcp-console-web/pages/projects/_id/networking/new.vue	4.0K
/Users/nogada/workspace/zmp/zcp-console-web/pages/projects/_id/clusters/index.vue	12K
/Users/nogada/workspace/zmp/zcp-console-web/pages/projects/_id/clusters/_name.vue	16K
/Users/nogada/workspace/zmp/zcp-console-web/pages/projects/_id/tools.vue	4.0K
/Users/nogada/workspace/zmp/zcp-console-web/pages/projects/_id/admin/settings.vue	8.0K
/Users/nogada/workspace/zmp/zcp-console-web/pages/projects/_id/admin/roles/index.vue	8.0K
/Users/nogada/workspace/zmp/zcp-console-web/pages/projects/_id/admin/roles/_id.vue	24K
/Users/nogada/workspace/zmp/zcp-console-web/pages/projects/_id/admin/roles/new.vue	8.0K
/Users/nogada/workspace/zmp/zcp-console-web/pages/projects/_id/admin/groups/index.vue	8.0K
/Users/nogada/workspace/zmp/zcp-console-web/pages/projects/_id/admin/groups/_id.vue	12K
/Users/nogada/workspace/zmp/zcp-console-web/pages/projects/_id/admin/groups/new.vue	8.0K
/Users/nogada/workspace/zmp/zcp-console-web/pages/projects/_id/admin/members/index.vue	16K
/Users/nogada/workspace/zmp/zcp-console-web/pages/projects/_id/admin/members/_user.vue	12K
/Users/nogada/workspace/zmp/zcp-console-web/pages/projects/_id/workloads.vue	8.0K
/Users/nogada/workspace/zmp/zcp-console-web/pages/projects/_id/workloads/index.vue	8.0K
/Users/nogada/workspace/zmp/zcp-console-web/pages/projects/_id/workloads/detail/yaml.vue	8.0K
/Users/nogada/workspace/zmp/zcp-console-web/pages/projects/_id/workloads/_name.vue	8.0K
/Users/nogada/workspace/zmp/zcp-console-web/pages/projects/_id/workloads/new.vue	4.0K
/Users/nogada/workspace/zmp/zcp-console-web/pages/projects/_id/logging.vue	4.0K
/Users/nogada/workspace/zmp/zcp-console-web/pages/projects/_id/monitoring/index.vue	16K
/Users/nogada/workspace/zmp/zcp-console-web/pages/projects/_id/monitoring/rules.vue	4.0K
/Users/nogada/workspace/zmp/zcp-console-web/pages/projects/_id/monitoring/alertmanager.vue	4.0K
/Users/nogada/workspace/zmp/zcp-console-web/pages/projects/_id/storages.vue	8.0K
/Users/nogada/workspace/zmp/zcp-console-web/pages/projects/_id/apps/index.vue	8.0K
/Users/nogada/workspace/zmp/zcp-console-web/pages/projects/_id/apps/detail/build.vue	12K
/Users/nogada/workspace/zmp/zcp-console-web/pages/projects/_id/apps/detail/overview.vue	8.0K
/Users/nogada/workspace/zmp/zcp-console-web/pages/projects/_id/apps/detail/validatorCellEditor.vue	4.0K
/Users/nogada/workspace/zmp/zcp-console-web/pages/projects/_id/apps/detail/pipeline.vue	28K
/Users/nogada/workspace/zmp/zcp-console-web/pages/projects/_id/apps/detail/history.vue	8.0K
/Users/nogada/workspace/zmp/zcp-console-web/pages/projects/_id/apps/detail/actionCellRenderer.vue	4.0K
/Users/nogada/workspace/zmp/zcp-console-web/pages/projects/_id/apps/detail/basic.vue	28K
/Users/nogada/workspace/zmp/zcp-console-web/pages/projects/_id/apps/detail/secret.vue	12K
/Users/nogada/workspace/zmp/zcp-console-web/pages/projects/_id/apps/_name.vue	4.0K
/Users/nogada/workspace/zmp/zcp-console-web/pages/projects/_id/apps/new.vue	4.0K
/Users/nogada/workspace/zmp/zcp-console-web/pages/projects/_id/apps/provisioning.vue	4.0K
/Users/nogada/workspace/zmp/zcp-console-web/pages/projects/_id/apps/copy.vue	20K
/Users/nogada/workspace/zmp/zcp-console-web/pages/README.md	4.0K
/Users/nogada/workspace/zmp/zcp-console-web/pages/system/networking.vue	8.0K
/Users/nogada/workspace/zmp/zcp-console-web/pages/system/storages/index.vue	8.0K
/Users/nogada/workspace/zmp/zcp-console-web/pages/system/storages/detail/pv/overview.vue	8.0K
/Users/nogada/workspace/zmp/zcp-console-web/pages/system/storages/detail/sc/overview.vue	4.0K
/Users/nogada/workspace/zmp/zcp-console-web/pages/system/storages/detail/yaml.vue	8.0K
/Users/nogada/workspace/zmp/zcp-console-web/pages/system/storages/detail/pvc/overview.vue	8.0K
/Users/nogada/workspace/zmp/zcp-console-web/pages/system/storages/_name.vue	4.0K
/Users/nogada/workspace/zmp/zcp-console-web/pages/system/storages/new.vue	4.0K
/Users/nogada/workspace/zmp/zcp-console-web/pages/system/tools/index.vue	8.0K
/Users/nogada/workspace/zmp/zcp-console-web/pages/system/tools/_id.vue	12K
/Users/nogada/workspace/zmp/zcp-console-web/pages/system/tools/new.vue	12K
/Users/nogada/workspace/zmp/zcp-console-web/pages/system/dashboard.vue	72K
/Users/nogada/workspace/zmp/zcp-console-web/pages/system/networking/index.vue	8.0K
/Users/nogada/workspace/zmp/zcp-console-web/pages/system/networking/detail/netpol/overview.vue	4.0K
/Users/nogada/workspace/zmp/zcp-console-web/pages/system/networking/detail/svc/overview.vue	8.0K
/Users/nogada/workspace/zmp/zcp-console-web/pages/system/networking/detail/ing/overview.vue	8.0K
/Users/nogada/workspace/zmp/zcp-console-web/pages/system/networking/detail/yaml.vue	8.0K
/Users/nogada/workspace/zmp/zcp-console-web/pages/system/networking/_name.vue	4.0K
/Users/nogada/workspace/zmp/zcp-console-web/pages/system/networking/new.vue	4.0K
/Users/nogada/workspace/zmp/zcp-console-web/pages/system/projects/index.vue	8.0K
/Users/nogada/workspace/zmp/zcp-console-web/pages/system/projects/new.vue	8.0K
/Users/nogada/workspace/zmp/zcp-console-web/pages/system/projects/setup_email.vue	8.0K
/Users/nogada/workspace/zmp/zcp-console-web/pages/system/projects/_key.vue	28K
/Users/nogada/workspace/zmp/zcp-console-web/pages/system/clusters/index.vue	12K
/Users/nogada/workspace/zmp/zcp-console-web/pages/system/clusters/nodeDetail.vue	4.0K
/Users/nogada/workspace/zmp/zcp-console-web/pages/system/clusters/nodeTaint.vue	8.0K
/Users/nogada/workspace/zmp/zcp-console-web/pages/system/clusters/attach.vue	16K
/Users/nogada/workspace/zmp/zcp-console-web/pages/system/clusters/view.vue	8.0K
/Users/nogada/workspace/zmp/zcp-console-web/pages/system/clusters/_name.vue	36K
/Users/nogada/workspace/zmp/zcp-console-web/pages/system/clusters/steps/stepFourPaas.vue	16K
/Users/nogada/workspace/zmp/zcp-console-web/pages/system/clusters/steps/stepThree.vue	8.0K
/Users/nogada/workspace/zmp/zcp-console-web/pages/system/clusters/steps/stepTwo.vue	12K
/Users/nogada/workspace/zmp/zcp-console-web/pages/system/clusters/steps/stepSix.vue	36K
/Users/nogada/workspace/zmp/zcp-console-web/pages/system/clusters/steps/stepOne.vue	8.0K
/Users/nogada/workspace/zmp/zcp-console-web/pages/system/clusters/steps/stepFourIaas.vue	24K
/Users/nogada/workspace/zmp/zcp-console-web/pages/system/clusters/steps/stepSeven.vue	12K
/Users/nogada/workspace/zmp/zcp-console-web/pages/system/clusters/steps/stepFive.vue	12K
/Users/nogada/workspace/zmp/zcp-console-web/pages/system/clusters/steps/stepEight.vue	24K
/Users/nogada/workspace/zmp/zcp-console-web/pages/system/clusters/steps/log.vue	8.0K
/Users/nogada/workspace/zmp/zcp-console-web/pages/system/clusters/new.vue	8.0K
/Users/nogada/workspace/zmp/zcp-console-web/pages/system/clusters/nodeLabel.vue	8.0K
/Users/nogada/workspace/zmp/zcp-console-web/pages/system/clusters/provisioning.vue	8.0K
/Users/nogada/workspace/zmp/zcp-console-web/pages/system/workloads.vue	8.0K
/Users/nogada/workspace/zmp/zcp-console-web/pages/system/roles/index.vue	8.0K
/Users/nogada/workspace/zmp/zcp-console-web/pages/system/roles/_id.vue	24K
/Users/nogada/workspace/zmp/zcp-console-web/pages/system/roles/new.vue	8.0K
/Users/nogada/workspace/zmp/zcp-console-web/pages/system/groups/index.vue	8.0K
/Users/nogada/workspace/zmp/zcp-console-web/pages/system/groups/_id.vue	12K
/Users/nogada/workspace/zmp/zcp-console-web/pages/system/groups/new.vue	8.0K
/Users/nogada/workspace/zmp/zcp-console-web/pages/system/realms/index.vue	8.0K
/Users/nogada/workspace/zmp/zcp-console-web/pages/system/realms/new.vue	12K
/Users/nogada/workspace/zmp/zcp-console-web/pages/system/realms/_key.vue	12K
/Users/nogada/workspace/zmp/zcp-console-web/pages/system/workloads/index.vue	8.0K
/Users/nogada/workspace/zmp/zcp-console-web/pages/system/workloads/detail/ds/overview.vue	8.0K
/Users/nogada/workspace/zmp/zcp-console-web/pages/system/workloads/detail/deploy/overview.vue	12K
/Users/nogada/workspace/zmp/zcp-console-web/pages/system/workloads/detail/secrets/overview.vue	4.0K
/Users/nogada/workspace/zmp/zcp-console-web/pages/system/workloads/detail/rs/overview.vue	8.0K
/Users/nogada/workspace/zmp/zcp-console-web/pages/system/workloads/detail/yaml.vue	8.0K
/Users/nogada/workspace/zmp/zcp-console-web/pages/system/workloads/detail/pods/logs.vue	12K
/Users/nogada/workspace/zmp/zcp-console-web/pages/system/workloads/detail/pods/terminal.vue	8.0K
/Users/nogada/workspace/zmp/zcp-console-web/pages/system/workloads/detail/pods/overview.vue	12K
/Users/nogada/workspace/zmp/zcp-console-web/pages/system/workloads/detail/cj/overview.vue	8.0K
/Users/nogada/workspace/zmp/zcp-console-web/pages/system/workloads/detail/cm/overview.vue	4.0K
/Users/nogada/workspace/zmp/zcp-console-web/pages/system/workloads/detail/jobs/overview.vue	8.0K
/Users/nogada/workspace/zmp/zcp-console-web/pages/system/workloads/detail/hpa/overview.vue	8.0K
/Users/nogada/workspace/zmp/zcp-console-web/pages/system/workloads/detail/sts/overview.vue	12K
/Users/nogada/workspace/zmp/zcp-console-web/pages/system/workloads/_name.vue	4.0K
/Users/nogada/workspace/zmp/zcp-console-web/pages/system/workloads/new.vue	4.0K
/Users/nogada/workspace/zmp/zcp-console-web/pages/system/users/index.vue	12K
/Users/nogada/workspace/zmp/zcp-console-web/pages/system/users/_user.vue	20K
/Users/nogada/workspace/zmp/zcp-console-web/pages/system/users/new.vue	20K
/Users/nogada/workspace/zmp/zcp-console-web/pages/system/menus/index.vue	8.0K
/Users/nogada/workspace/zmp/zcp-console-web/pages/system/menus/orderCellRenderer.vue	4.0K
/Users/nogada/workspace/zmp/zcp-console-web/pages/system/menus/_id.vue	16K
/Users/nogada/workspace/zmp/zcp-console-web/pages/system/menus/activeCellRenderer.vue	4.0K
/Users/nogada/workspace/zmp/zcp-console-web/pages/system/menus/new.vue	12K
/Users/nogada/workspace/zmp/zcp-console-web/pages/system/menus/actionCellRenderer.vue	4.0K
/Users/nogada/workspace/zmp/zcp-console-web/pages/system/monitoring/rules.vue	4.0K
/Users/nogada/workspace/zmp/zcp-console-web/pages/system/monitoring/alertmanager.vue	4.0K
/Users/nogada/workspace/zmp/zcp-console-web/pages/system/storages.vue	8.0K
/Users/nogada/workspace/zmp/zcp-console-web/pages/system/auditlog.vue	16K
/Users/nogada/workspace/zmp/zcp-console-web/pages/ssh/webssh.vue	8.0K
/Users/nogada/workspace/zmp/zcp-console-web/pages/profiles/index.vue	12K
/Users/nogada/workspace/zmp/zcp-console-web/pages/profiles/settings.vue	8.0K
/Users/nogada/workspace/zmp/zcp-console-web/pages/profiles/kubeconfig.vue	12K
/Users/nogada/workspace/zmp/zcp-console-web/pages/profiles/_examples.js	4.0K
/Users/nogada/workspace/zmp/zcp-console-web/PORT_FORWARD.md	4.0K
/Users/nogada/workspace/zmp/zcp-console-web/store/profile.js	4.0K
/Users/nogada/workspace/zmp/zcp-console-web/store/dialog.js	8.0K
/Users/nogada/workspace/zmp/zcp-console-web/store/index.js	4.0K
/Users/nogada/workspace/zmp/zcp-console-web/store/README.md	4.0K
